symbol,fiscaldate_end,reported_currency,operating_cashflow,payments_foroperating_activities,proceeds_fromoperating_activities,changein_operating_liabilities,changein_operating_assets,dpr_depletion_amort,capital_expenditures,changein_receivables,changein_inventory,profit_loss,cashflow_frominvestment,cashflow_fromfinancing,proceeds_fromrepayment_shortterm_debt,payments_forrepurchase_commonstock,payments_forrepurchase_equity,payments_forrepurchase_preferredstock,div_payout,div_payout_commonstock,div_payout_preferredstock,proceedsFromIssuanceOfCommonStock,proceeds_fromissuance_longterm_debtcapital_secnet,proceeds_fromissuance_preferredstock,proceeds_fromrepurchase_equity,proceeds_fromsale_treasurystock,changein_cash_cashequivalents,changein_exchangerate,netincome
ABCM,2020-09-30,GBP,16950000.0,0,0,0,0,0.0,0.0,0,0.0,0,-11400000.0,0.0,0,0,0,0,0.0,0.0,0,0,0,0,0,0,0,0,0.0
ABNB,2020-12-31,USD,-139110000.0,0,0,0,0,32438000.0,7882000.0,0,0.0,0,895694000.0,1766607000.0,0,0,0,0,0.0,0.0,0,0,0,0,0,0,0,0,-3887851000.0
ABST,2020-09-30,USD,14707260.0,0,0,0,0,1356024.0,945871.0,0,0.0,0,9487311.0,-2665005.0,0,0,0,0,-2580376.0,-2580376.0,0,0,0,0,0,0,0,0,2601944.0
ACCD,2020-05-31,USD,-8317000.0,0,0,0,0,1928000.0,538000.0,0,0.0,0,-538000.0,53382000.0,0,0,0,0,0.0,0.0,0,0,0,0,0,0,0,0,-13960000.0
ACI,2020-06-20,USD,2091900000.0,63500000,0,733100000,-63100000,0.0,0.0,4700000,-67800000.0,586200000,-399400000.0,-106900000.0,0,1680000000,1680000000,0,0.0,0.0,0,0,2000000000,0,0,0,1585600000,0,586200000.0
ADCT,2020-03-31,USD,-36344000.0,0,0,0,0,0.0,0.0,0,0.0,0,-317000.0,0.0,0,0,0,0,0.0,0.0,0,0,0,0,0,0,0,0,0.0
ADPT,2019-06-30,USD,-15970000.0,0,0,0,0,1870000.0,1523000.0,0,149000.0,-15659000,-45349000.0,-1504000.0,0,0,0,0,0.0,0.0,0,0,0,0,1989000,0,0,0,-15659000.0
ADTX,2020-06-30,USD,-154673.0,0,0,0,0,0.0,0.0,0,0.0,0,-160534.0,158021.0,0,0,0,0,0.0,0.0,0,0,0,0,0,0,0,0,-534317.0
AFYA,2019-06-30,BRL,51078000.0,0,0,0,0,19387000.0,11745000.0,0,976000.0,0,-186796000.0,-41135000.0,0,0,0,0,-10.92,-10.92,0,0,0,0,0,0,0,0,16317000.0
AGBA,2019-03-31,USD,-12515.0,0,0,0,0,0.0,0.0,0,0.0,0,-46000000.0,450048.0,0,0,0,0,0.0,0.0,0,0,0,0,25000,0,0,0,-10015.0
AIH,2019-09-30,CNY,0.0,0,0,0,0,0.0,0.0,0,0.0,0,0.0,0.0,0,0,0,0,0.0,0.0,0,0,0,0,0,0,0,0,115674000.0
AI,2020-10-31,USD,1774000.0,0,0,0,0,2098000.0,919000.0,0,0.0,0,-37286000.0,28214000.0,0,0,0,0,0.0,0.0,0,0,0,0,4536000,0,0,0,-14794000.0
AKRO,2019-06-30,USD,-5322000.0,0,0,0,0,0.0,0.0,0,0.0,-7228000,-71513000.0,98200000.0,0,0,0,0,0.0,0.0,0,0,0,0,97480000,0,0,0,-7228000.0
AKUS,2020-06-30,USD,-11381000.0,0,0,0,0,529000.0,1050000.0,0,0.0,0,-1050000.0,225262000.0,0,0,0,0,0.0,0.0,0,0,0,0,0,0,0,0,-12523000.0
ALEC,2018-12-31,USD,-17654000.0,0,0,0,0,276000.0,417000.0,0,0.0,-17373000,42465000.0,-1280000.0,0,0,0,0,0.0,0.0,0,0,0,0,133050000,0,0,0,-17373000.0
ALGM,2020-09-30,USD,2974000.0,0,0,0,0,12487000.0,10117000.0,0,6218000.0,0,-18335000.0,0.0,0,0,0,0,0.0,0.0,0,0,0,0,0,0,0,0,9584000.0
ALGS,2020-09-30,USD,-16566000.0,0,0,0,0,885000.0,344000.0,0,0.0,0,26656000.0,-949000.0,0,0,0,0,0.0,0.0,0,0,0,0,0,0,0,0,-33297000.0
ALRS,2019-09-30,USD,14338000.0,0,0,0,0,2289000.0,516000.0,0,0.0,7104000,5091000.0,-3175000.0,-141445000,1841000,0,0,2364000.0,-2364000.0,0,0,0,0,-1841000,0,0,0,7104000.0
ALUS,2019-12-31,USD,-385957.0,0,0,0,0,0.0,0.0,0,0.0,0,-492857225.0,290004820.0,0,0,0,0,0.0,0.0,0,0,0,0,0,0,0,0,216198.0
AMHC,2019-12-31,USD,-367470.0,0,0,0,0,0.0,0.0,0,0.0,0,-100000000.0,101580230.0,0,0,0,0,0.0,0.0,0,0,0,0,102000000,0,0,0,2040.0
AMK,2019-06-30,USD,4739000.0,0,0,0,0,7613000.0,745000.0,0,0.0,3237000,-41568000.0,-1250000.0,0,0,0,0,0.0,0.0,0,0,0,0,0,0,0,0,3237000.0
AMST,2020-09-30,USD,-312890.0,0,0,0,0,160974.0,222049.0,0,0.0,0,-222049.0,12796230.0,0,0,0,0,0.0,0.0,0,0,0,0,0,0,0,0,-5086264.0
AMWL,2020-09-30,USD,-30112000.0,0,0,0,0,2576000.0,957000.0,0,-2564000.0,0,-101011000.0,854845000.0,0,0,0,0,0.0,0.0,0,0,0,0,-18254000,0,0,0,-63081000.0
ANNX,2020-06-30,USD,-10246000.0,0,0,0,0,131000.0,0.0,0,0.0,0,-16000.0,101666000.0,0,0,0,0,0.0,0.0,0,0,0,0,0,0,0,0,-12240000.0
ANPC,2019-12-31,CNY,-15984000.0,0,0,0,0,740000.0,332000.0,0,-349000.0,0,-632000.0,-1431000.0,0,0,0,0,0.0,0.0,0,0,0,0,-7954000,0,0,0,-32555000.0
ANVS,2019-12-31,USD,-52528.0,0,0,0,0,0.0,0.0,0,0.0,-201256,0.0,-1864.0,0,0,0,0,0.0,0.0,0,0,0,0,0,0,0,0,-201256.0
API,2020-06-30,USD,7451000.0,0,0,0,0,1005000.0,3825000.0,0,0.0,0,-3825000.0,485555000.0,0,0,0,0,0.0,0.0,0,0,0,0,0,0,0,0,3006000.0
APLT,2019-03-31,USD,-7002000.0,0,0,0,0,23000.0,0.0,0,0.0,-8730000,-19878000.0,2940000.0,0,0,0,0,0.0,0.0,0,0,0,0,3131000,0,0,0,-8730000.0
APRE,2019-09-30,USD,-2793314.0,0,0,0,0,4114.0,10246.0,0,0.0,-6249419,-10246.0,-3619652.0,0,0,0,0,0.0,0.0,0,0,0,0,5621480,0,0,0,-6249419.0
APSG,2020-09-30,USD,0.0,0,0,0,0,0.0,0.0,0,0.0,0,0.0,0.0,0,0,0,0,0.0,0.0,0,0,0,0,0,0,0,0,-10000.0
APXT,2019-09-30,USD,-229700.0,0,0,0,0,0.0,0.0,0,0.0,-147749,-116666550.0,351443558.0,0,0,0,0,0.0,0.0,0,0,0,0,352025000,0,1213858,0,29595.0
AREC,2019-03-31,USD,-5743426.0,557663,0,-1610219,-117047,1353707.0,721444.0,792381,-574254.0,-10065620,-721444.0,4231718.0,0,0,0,0,0.0,0.0,0,0,2000000,0,4254000,0,-2233152,0,-10065620.0
ARYA,2020-06-30,USD,-485648.0,0,0,0,0,0.0,0.0,0,0.0,0,-149500000.0,0.0,0,0,0,0,0.0,0.0,0,0,0,0,0,0,0,0,-11717.0
ASAN,2020-10-31,USD,-34435000.0,0,0,0,0,992000.0,22792000.0,0,0.0,0,-142994000.0,24251000.0,0,0,0,0,0.0,0.0,0,0,0,0,0,0,0,0,-73289000.0
ASO,2020-10-31,USD,83597000.0,0,0,0,0,25567000.0,8065000.0,0,-183920000.0,0,60000.0,-97961000.0,0,0,0,0,0.0,0.0,0,0,0,0,0,0,0,0,59586000.0
ATAC,2020-09-30,USD,0.0,0,0,0,0,0.0,0.0,0,0.0,0,0.0,0.0,0,0,0,0,0.0,0.0,0,0,0,0,0,0,0,0,0.0
ATHA,2020-09-30,USD,-9411000.0,0,0,0,0,0.0,0.0,0,0.0,0,-94313000.0,184283000.0,0,0,0,0,0.0,0.0,0,0,0,0,0,0,0,0,-8456000.0
ATIF,2019-04-30,USD,-933639.0,0,0,0,0,-1116.0,133015.0,0,0.0,0,-766474.0,4386296.0,0,0,0,0,0.0,0.0,0,0,0,0,0,0,0,0,-375159.0
AUVI,2020-09-30,USD,-429897.0,0,0,0,0,9182.0,55814.0,0,-45156.0,0,-55814.0,4927529.0,0,0,0,0,0.0,0.0,0,0,0,0,0,0,0,0,-894732.0
AVIR,2020-09-30,USD,-9481000.0,0,0,0,0,5000.0,15000.0,0,0.0,0,-15000.0,-913000.0,0,0,0,0,0.0,0.0,0,0,0,0,0,0,0,0,-17622000.0
AVO,2020-10-31,USD,45970000.0,0,0,0,0,5465000.0,26907000.0,0,10901000.0,0,-24294000.0,65908000.0,0,0,0,0,-5541000.0,-5541000.0,0,0,0,0,-5000,0,0,0,18758000.0
AVTR,2019-06-30,USD,-5900000.0,0,0,0,0,103000000.0,14000000.0,0,30000000.0,-48700000,-12400000.0,38300000.0,0,0,0,0,-15100000.0,-15100000.0,0,0,0,0,1604800000,0,0,0,-48700000.0
AYLA,2020-03-31,USD,-6391000.0,0,0,0,0,53000.0,20000.0,0,0.0,0,182000.0,-261000.0,0,0,0,0,0.0,0.0,0,0,0,0,0,0,0,0,-6598000.0
BBIO,2019-06-30,USD,-68248000.0,0,0,0,0,132000.0,83000.0,0,0.0,-74334000,-583000.0,-9969000.0,0,0,0,0,0.0,0.0,0,0,0,0,538000,0,0,0,-65895000.0
BCEL,2019-06-30,USD,-13751000.0,0,0,0,0,395000.0,644000.0,0,0.0,-17921000,9071000.0,133320000.0,0,0,0,0,0.0,0.0,0,0,0,0,133866000,0,0,0,-17921000.0
BCOW,2018-12-31,USD,-1234000.0,12865000,11961000,0,630000,506000.0,501000.0,834000,0.0,59000,2349000.0,-2148000.0,0,0,0,0,0.0,0.0,0,0,0,0,0,0,-1033000,0,59000.0
BCYC,2019-06-30,USD,-7608000.0,0,0,0,0,230000.0,463000.0,0,0.0,0,-463000.0,59095000.0,0,0,0,0,0.0,0.0,0,0,0,0,59129000,0,0,0,-10217000.0
BEAM,2019-12-31,USD,-17800000.0,0,0,0,0,1002000.0,2160000.0,0,0.0,-27850000,16559000.0,699000.0,0,0,0,0,0.0,0.0,0,0,0,0,38086000,0,0,0,-27850000.0
BEKE,2020-06-30,CNY,9133566000.0,0,0,0,0,272184000.0,148186000.0,0,0.0,0,2751829000.0,329069000.0,0,0,0,0,0.0,0.0,0,0,0,0,0,0,0,0,2836568000.0
BFT,2020-09-30,USD,-593145.0,0,0,0,0,0.0,0.0,0,0.0,0,-1467033450.0,1468173813.0,0,0,0,0,0.0,0.0,0,0,0,0,1469058450,0,0,0,-16677.0
BHAT,2019-06-30,USD,0.0,0,0,0,0,0.0,0.0,0,0.0,0,0.0,0.0,0,0,0,0,0.0,0.0,0,0,0,0,0,0,0,0,1088299.0
BHSE,2020-09-30,USD,-50.0,0,0,0,0,0.0,0.0,0,0.0,0,0.0,0.0,0,0,0,0,0.0,0.0,0,0,0,0,0,0,0,0,-50.0
BILL,2019-12-31,USD,-1769000.0,0,0,0,0,1120000.0,1026000.0,0,0.0,-7578000,-237795000.0,253461000.0,0,0,0,0,0.0,0.0,0,0,0,0,227610000,0,0,0,-7578000.0
BLCT,2020-06-30,CNY,0.0,0,0,0,0,0.0,0.0,0,0.0,0,0.0,0.0,0,0,0,0,0.0,0.0,0,0,0,0,0,0,0,0,-3349763.0
BNL,2020-09-30,USD,53506000.0,619000,9816000,13187000,4553000,31516000.0,3805000.0,0,0.0,9711000,5469000.0,40170000.0,0,0,0,0,-244000.0,-332000.0,0,533986000,0,0,533986000,0,99145000,0,8750000.0
BNR,2020-06-30,CNY,61124000.0,0,0,0,0,0.0,0.0,0,0.0,0,296102000.0,0.0,0,0,0,0,0.0,0.0,0,0,0,0,0,0,0,0,-71055000.0
BNTX,2019-09-30,EUR,-49221000.0,0,0,0,0,8492000.0,21285000.0,0,-3590000.0,0,-21280000.0,248804000.0,0,0,0,0,0.0,0.0,0,0,0,0,0,0,0,0,-30103000.0
BORR,2019-06-30,USD,-54900000.0,0,0,0,0,24600000.0,5200000.0,0,0.0,0,-51700000.0,154600000.0,0,0,0,0,0.0,0.0,0,0,0,0,0,0,0,0,-103200000.0
BQ,2020-09-30,CNY,0.0,0,0,0,0,0.0,0.0,0,0.0,0,0.0,0.0,0,0,0,0,0.0,0.0,0,0,0,0,0,0,0,0,-28067000.0
BRBR,2019-09-30,USD,38900000.0,0,0,0,0,6300000.0,1400000.0,0,24800000.0,26700000,-1400000.0,-35200000.0,0,0,0,0,0.0,0.0,0,0,0,0,0,0,0,-200000,26700000.0
BWAY,2019-03-31,USD,-946000.0,0,0,0,0,356000.0,358000.0,0,0.0,0,-413000.0,-54000.0,0,0,0,0,0.0,0.0,0,0,0,0,0,0,0,0,-1907000.0
CABA,2019-09-30,USD,-2076000.0,0,0,0,0,32000.0,40000.0,0,0.0,-4650000,-40000.0,-2101000.0,0,0,0,0,0.0,0.0,0,0,0,0,0,0,0,0,-4650000.0
CALT,2020-06-30,SEK,-67016000.0,0,0,0,0,0.0,0.0,0,0.0,0,-1000.0,0.0,0,0,0,0,0.0,0.0,0,0,0,0,0,0,0,0,-61326000.0
CAN,2019-12-31,USD,-269533000.0,0,0,0,0,15252000.0,2040000.0,0,275063000.0,0,68050000.0,397447000.0,0,0,0,0,0.0,0.0,0,0,0,0,1213681000,0,0,0,-798211000.0
CAPA,2020-09-30,USD,-182900.0,0,0,0,0,0.0,0.0,0,0.0,0,-115000000.0,116347623.0,0,0,0,0,0.0,0.0,0,0,0,0,0,0,0,0,-50253.0
CAP,2020-12-31,USD,-726959.0,0,0,0,0,0.0,0.0,0,0.0,0,-345000000.0,346356631.0,0,0,0,0,0.0,0.0,0,0,0,0,346850000,0,0,0,-134490.0
CCAC,2019-12-31,USD,0.0,0,0,0,0,0.0,0.0,0,0.0,0,0.0,300000.0,0,0,0,0,0.0,0.0,0,0,0,0,0,0,0,0,-22966.0
CD,2020-09-30,CNY,138481000.0,0,0,0,0,102319000.0,965768000.0,0,0.0,0,-965768000.0,0.0,0,0,0,0,0.0,0.0,0,0,0,0,0,0,0,0,-173697000.0
CERT,2020-12-31,USD,12681000.0,0,0,0,0,11113000.0,1403000.0,0,0.0,0,-1403000.0,232317000.0,0,0,0,0,0.0,0.0,0,0,0,0,0,0,0,0,-54447000.0
CFAC,2020-09-30,USD,0.0,0,0,0,0,0.0,0.0,0,0.0,0,-230000000.0,0.0,0,0,0,0,0.0,0.0,0,0,0,0,0,0,0,0,-505.0
CGRO,2020-03-31,USD,-908.0,0,0,0,0,0.0,0.0,0,0.0,0,0.0,957.0,0,0,0,0,0.0,0.0,0,0,0,0,0,0,0,0,-908.0
CHAQ,2020-03-31,USD,1599.0,0,0,0,0,0.0,0.0,0,0.0,-16923,-86226440.0,-20300.0,0,0,0,0,0.0,0.0,0,0,0,0,0,0,-18701,0,-16923.0
CHWY,2019-05-31,USD,21807000.0,0,0,0,0,7630000.0,11941000.0,0,-34015000.0,0,-14980000.0,114719000.0,0,0,0,0,0.0,0.0,0,0,0,0,0,0,0,0,-82876000.0
CLEU,2020-03-31,USD,-156589.0,0,0,0,0,0.0,0.0,0,0.0,0,-6416.0,0.0,0,0,0,0,0.0,0.0,0,0,0,0,0,0,0,0,0.0
CMBM,2019-06-30,USD,5954000.0,0,0,0,0,1393000.0,911000.0,0,-4034000.0,0,-911000.0,62398000.0,0,0,0,0,0.0,0.0,0,0,0,0,65988000,0,0,0,-20374000.0
CMPI,2020-06-30,USD,-7792000.0,0,0,0,0,0.0,0.0,0,0.0,0,0.0,84173000.0,0,0,0,0,0.0,0.0,0,0,0,0,0,0,0,0,-8348000.0
CMPS,2020-09-30,USD,-13912000.0,0,0,0,0,27000.0,11000.0,0,0.0,0,-15000.0,138253000.0,0,0,0,0,0.0,0.0,0,0,0,0,0,0,0,0,-16694000.0
CNTG,2019-09-30,EUR,-1547000.0,0,0,0,0,1612000.0,1410000.0,0,120000.0,0,17124000.0,-13080000.0,0,0,0,0,0.0,0.0,0,0,0,0,0,0,0,0,-4276000.0
CRSA,2019-03-31,USD,239455.0,0,0,0,0,0.0,0.0,0,0.0,171366,-250000000.0,251342222.0,0,0,0,0,0.0,0.0,0,0,0,0,257000000,0,0,0,171366.0
CRTX,2019-03-31,USD,-7216000.0,0,0,0,0,-152000.0,51000.0,0,0.0,-5681000,3164000.0,64000.0,0,0,0,0,0.0,0.0,0,0,0,0,64000,0,-3988000,0,-5681000.0
CRWD,2019-04-30,USD,1415000.0,0,0,0,0,4873000.0,15541000.0,0,0.0,-25977000,4138000.0,-882000.0,0,0,0,0,0.0,0.0,0,0,0,0,1510000,0,0,0,-25977000.0
DADA,2020-06-30,CNY,0.0,0,0,0,0,0.0,0.0,0,0.0,0,0.0,0.0,0,0,0,0,0.0,0.0,0,0,0,0,0,0,0,0,-457486000.0
DAO,2019-09-30,CNY,0.0,0,0,0,0,0.0,0.0,0,0.0,0,0.0,0.0,0,0,0,0,0.0,0.0,0,0,0,0,0,0,0,0,-231130000.0
DASH,2020-12-31,USD,-63000000.0,0,0,0,0,31000000.0,37000000.0,0,0.0,0,-63000000.0,3282000000.0,0,0,0,0,0.0,0.0,0,0,0,0,0,0,0,0,-312000000.0
DCBO,2020-12-31,USD,7046000.0,0,0,0,0,460000.0,767000.0,0,0.0,0,-2904000.0,154759000.0,0,0,0,0,0.0,0.0,0,0,0,0,0,0,0,0,-3741000.0
DCT,2020-08-31,USD,17478000.0,0,0,0,0,5558000.0,1143000.0,0,0.0,0,-1143000.0,354348000.0,0,0,0,0,0.0,0.0,0,0,0,0,-264688000,0,0,0,-21610000.0
DDOG,2019-09-30,USD,3824000.0,0,0,0,0,3800000.0,4834000.0,0,0.0,-4161000,-7484000.0,710924000.0,0,0,0,0,0.0,0.0,0,0,0,0,715965000,0,0,0,-4161000.0
DFPH,2020-03-31,USD,-28750.0,0,0,0,0,0.0,0.0,0,0.0,0,-230000000.0,231511186.0,0,0,0,0,0.0,0.0,0,0,0,0,225911190,0,0,0,-45089.0
DNB,2020-06-30,USD,113900000.0,0,0,0,0,266900000.0,2500000.0,0,0.0,-173800000,-29400000.0,-48000000.0,0,0,0,0,-64100000.0,-64100000.0,0,0,0,0,0,0,0,0,-99900000.0
DNK,2019-12-31,CNY,-281927000.0,0,0,0,0,0.0,1962048000.0,0,0.0,0,-369263000.0,4945078000.0,0,0,0,0,0.0,0.0,0,0,0,0,1456944000,0,0,0,-919806000.0
DOYU,2019-06-30,CNY,0.0,0,0,0,0,0.0,0.0,0,0.0,0,0.0,0.0,0,0,0,0,0.0,0.0,0,0,0,0,0,0,0,0,22276000.0
DTIL,2019-03-31,USD,-19907000.0,0,0,0,0,939000.0,5082000.0,0,0.0,-31783000,-5082000.0,38295000.0,0,0,0,0,0.0,0.0,0,0,0,0,107000,0,13306000,0,-31783000.0
DUO,2019-09-30,CNY,0.0,0,0,0,0,0.0,0.0,0,0.0,0,0.0,0.0,0,0,0,0,0.0,0.0,0,0,0,0,0,0,0,0,80308000.0
EBC,2020-09-30,USD,12313000.0,0,0,0,0,6819000.0,1240000.0,0,0.0,0,-599924000.0,1483134000.0,0,0,0,0,0.0,0.0,0,0,0,0,0,0,0,0,28505000.0
EBON,2020-06-30,USD,-2731166.0,0,0,0,0,0.0,0.0,0,0.0,0,-134607.0,0.0,0,0,0,0,0.0,0.0,0,0,0,0,0,0,0,0,0.0
EDTK,2020-06-30,USD,3292421.0,0,0,0,0,0.0,0.0,0,0.0,0,-7121175.0,0.0,0,0,0,0,0.0,0.0,0,0,0,0,0,0,0,0,0.0
EH,2019-12-31,CNY,14731000.0,0,0,0,0,1488000.0,2550000.0,0,-559000.0,0,8301000.0,252863000.0,0,0,0,0,0.0,0.0,0,0,0,0,300302000,0,0,0,-1933000.0
EIC,2019-06-30,USD,-7115540.0,0,0,0,0,0.0,0.0,0,0.0,0,0.0,17832930.0,0,0,0,0,-3045516.0,-3045516.0,0,0,0,0,16935450,0,0,0,6186780.0
ESSC,2020-03-31,USD,-364838.0,0,0,0,0,0.0,0.0,0,0.0,697557,-138000000.0,138819683.0,0,0,0,0,0.0,0.0,0,0,0,0,0,0,454845,0,697557.0
ETNB,2019-09-30,USD,-6197000.0,0,0,0,0,5000.0,8000.0,0,0.0,-18725000,-8000.0,488000.0,0,0,0,0,0.0,0.0,0,0,0,0,20011000,0,0,0,-18725000.0
EXPC,2019-09-30,USD,-1297.0,0,0,0,0,0.0,0.0,0,0.0,98139,-196428650.0,276820486.0,0,0,0,0,0.0,0.0,0,0,0,0,0,0,0,0,98139.0
FMTX,2020-06-30,USD,-23406000.0,0,0,0,0,284000.0,25000.0,0,0.0,0,-7234000.0,295258000.0,0,0,0,0,0.0,0.0,0,0,0,0,-20000,0,0,0,-25440000.0
FOUR,2020-06-30,USD,-3000000.0,0,0,0,0,18100000.0,2900000.0,0,400000.0,-75000000,-7100000.0,183900000.0,0,0,0,0,-400000.0,-400000.0,0,0,0,0,0,0,0,0,-74000000.0
FREQ,2019-09-30,USD,74580000.0,0,0,0,0,214000.0,155000.0,0,0.0,-575000,4638000.0,59387000.0,0,0,0,0,0.0,0.0,0,161000,0,0,62278000,0,0,0,-575000.0
FRLN,2020-06-30,USD,-15372000.0,0,0,0,0,0.0,0.0,0,0.0,0,-275500.0,0.0,0,0,0,0,0.0,0.0,0,0,0,0,0,0,0,0,0.0
FTHM,2020-06-30,USD,346464.0,0,0,0,0,44496.0,119951.0,0,0.0,0,-119951.0,419316.0,0,0,0,0,0.0,0.0,0,0,0,0,0,0,0,0,160798.0
FTIV,2020-09-30,USD,-31650.0,0,0,0,0,0.0,0.0,0,0.0,0,-230000000.0,231657632.0,0,0,0,0,0.0,0.0,0,0,0,0,0,0,0,0,-19845.0
FUBO,2020-09-30,USD,-30136000.0,2051610,0,-4487000,12807000,16157000.0,33000.0,2863000,0.0,-274117000,-652000.0,62241000.0,14699000,0,0,0,0.0,0.0,0,68216000,-1696000,0,68540000,0,31453000,0,-274117000.0
FULC,2019-06-30,USD,-12074000.0,0,0,0,0,514000.0,221000.0,0,0.0,-13169000,-221000.0,-529000.0,0,0,0,0,0.0,0.0,0,220000,0,0,0,0,0,0,-13169000.0
FUSN,2020-06-30,USD,-6197000.0,0,0,0,0,98000.0,168000.0,0,0.0,0,-168000.0,257840000.0,0,0,0,0,0.0,0.0,0,0,0,0,0,0,0,0,-44733000.0
FUTU,2019-03-31,HKD,-781134000.0,0,0,0,0,0.0,0.0,0,0.0,0,28095000.0,1033300000.0,0,0,0,0,0.0,0.0,0,0,0,0,0,0,0,0,45541000.0
FVRR,2019-06-30,USD,-3354000.0,0,0,0,0,910000.0,503000.0,0,0.0,0,-119894000.0,117731000.0,0,0,0,0,0.0,0.0,0,0,0,0,4881000,0,0,0,-9353000.0
GAN,2020-03-31,USD,-4623000.0,0,0,0,0,0.0,0.0,0,0.0,0,-1668000.0,0.0,0,0,0,0,0.0,0.0,0,0,0,0,0,0,0,0,533000.0
GATO,2020-09-30,USD,-2361000.0,0,0,0,0,594000.0,0.0,0,3000.0,0,-832000.0,4866000.0,0,0,0,0,0.0,0.0,0,0,0,0,0,0,0,0,-1185000.0
GBIO,2020-06-30,USD,-15484000.0,0,0,0,0,825000.0,212000.0,0,0.0,-17731000,-129611000.0,212313000.0,0,0,0,0,0.0,0.0,0,0,0,0,0,0,0,0,-17731000.0
GBS,2020-12-31,USD,-711450.0,0,0,0,0,0.0,0.0,0,0.0,0,0.0,19610073.0,0,0,0,0,0.0,0.0,0,0,0,0,0,0,0,0,-1983964.0
GFL,2020-03-31,USD,-91291000.0,0,0,0,0,122691000.0,100151000.0,0,0.0,0,-1225736000.0,759635000.0,0,0,0,0,0.0,0.0,0,0,0,0,3256708000,0,0,0,-277950000.0
GHIV,2019-12-31,USD,-212066.0,0,0,0,0,0.0,0.0,0,0.0,0,-425879308.0,0.0,0,0,0,0,0.0,0.0,0,0,0,0,0,0,0,0,-17771.0
GHLD,2020-09-30,USD,-133948000.0,0,0,0,0,1541000.0,3330000.0,0,0.0,0,-3339000.0,241128000.0,0,0,0,0,0.0,0.0,0,0,0,0,0,0,0,0,182086000.0
GHSI,2019-03-31,USD,-586085.0,0,0,404755,-63906,14444.0,4815.0,-13116,-54178.0,-977887,-4815.0,94250.0,100000,0,0,0,0.0,0.0,0,0,0,0,3976250,0,-496650,0,-1385099.0
GIX,2019-06-30,USD,-280380.0,0,0,0,0,0.0,0.0,0,0.0,0,-172500000.0,175309860.0,0,0,0,0,0.0,0.0,0,0,0,0,175950000,0,0,0,-28800.0
GLEO,2019-09-30,USD,-258550.0,0,0,0,0,0.0,0.0,0,0.0,0,0.0,0.0,0,0,0,0,0.0,0.0,0,0,0,0,0,0,0,0,-18915.0
GLSI,2020-09-30,USD,0.0,0,0,0,0,903.0,0.0,0,0.0,0,0.0,0.0,0,0,0,0,0.0,0.0,0,0,0,0,0,0,0,0,-256865.0
GLTO,2020-09-30,USD,-8577000.0,0,0,0,0,82000.0,0.0,0,0.0,0,0.0,55930000.0,0,0,0,0,0.0,0.0,0,0,0,0,0,0,0,0,-11651000.0
GNFT,2019-03-31,USD,-23429500.0,0,0,0,0,1574500.0,32500.0,0,0.0,0,-96500.0,60866000.0,0,0,0,0,0.0,0.0,0,0,0,0,0,0,0,0,-25566000.0
GNLN,2019-03-31,USD,-7261668.0,0,0,0,0,684080.0,509110.0,0,6652170.0,-14619110,-972428.0,3641833.0,0,0,0,0,-20559.0,-20559.0,0,0,0,0,-3018750,0,-4564710,27553,-17664349.0
GOCO,2020-06-30,USD,-27756000.0,0,0,0,0,24518000.0,4242000.0,0,0.0,0,-4242000.0,-2267000.0,0,0,0,0,0.0,0.0,0,0,0,0,0,0,0,0,-22867000.0
GOED,2020-06-30,USD,3702686.0,0,0,0,0,91790.0,0.0,0,-655266.0,0,-7000.0,415766.0,0,0,0,0,0.0,0.0,0,0,0,0,0,0,0,0,-4016828.0
GOSS,2018-12-31,USD,-25023000.0,0,0,0,0,134000.0,322000.0,0,0.0,-38794000,-8681000.0,-2144000.0,0,0,0,0,0.0,0.0,0,0,0,0,303043000,0,0,0,-38794000.0
GP,2020-09-30,USD,-2073354.0,0,0,0,0,117471.0,25233.0,0,471857.0,0,-25233.0,29791358.0,0,0,0,0,0.0,0.0,0,0,0,0,0,0,0,0,-1486160.0
GRCY,2020-06-30,USD,-336.0,0,0,0,0,0.0,0.0,0,0.0,0,-40600000.0,8579.0,0,0,0,0,0.0,0.0,0,0,0,0,0,0,0,0,-1203.0
GRIL,2019-12-31,USD,-1208112.0,700825,0,-182349,-17773,1391990.0,297174.0,-21349,-279.0,-23010130,-588147.0,291807.0,0,0,0,0,0.0,0.0,0,0,0,0,0,0,-1504452,0,-23010130.0
GRNV,2019-12-31,USD,-56784.0,0,0,0,0,0.0,0.0,0,0.0,0,-57500000.0,58028068.0,0,0,0,0,0.0,0.0,0,0,0,0,2125100,0,0,0,-12879.0
GRTX,2019-09-30,USD,-12901000.0,0,0,0,0,75000.0,60000.0,0,0.0,-13351000,12770000.0,-345000.0,0,0,0,0,0.0,0.0,0,0,0,0,0,0,0,0,-13351000.0
GSAH,2020-06-30,USD,-844858.0,0,0,0,0,0.0,0.0,0,0.0,0,0.0,74261.0,0,0,0,0,0.0,0.0,0,0,0,0,0,0,0,0,-46399.0
GSX,2019-06-30,CNY,738758000.0,0,0,0,0,0.0,0.0,0,0.0,0,-609230000.0,0.0,0,0,0,0,0.0,0.0,0,0,0,0,0,0,0,0,16374000.0
GTH,2020-06-30,CNY,0.0,0,0,0,0,0.0,0.0,0,0.0,0,0.0,0.0,0,0,0,0,0.0,0.0,0,0,0,0,0,0,0,0,-2832363000.0
GXGX,2019-06-30,USD,-194134.0,0,0,0,0,0.0,0.0,0,0.0,634660,-287500000.0,288844283.0,0,0,0,0,0.0,0.0,0,0,0,0,289500000,0,1150149,0,634660.0
HAPP,2019-09-30,USD,4471677.0,0,0,0,0,345240.0,61830.0,0,-14451.0,0,-30916.0,1068660.0,0,0,0,0,0.0,0.0,0,0,0,0,0,0,0,0,8423300.0
HARP,2018-12-31,USD,-6444000.0,0,0,0,0,197000.0,157000.0,0,0.0,-9731000,-157000.0,68236000.0,0,0,0,0,0.0,0.0,0,0,0,0,89986000,0,0,0,-9729000.0
HBT,2019-09-30,USD,18350000.0,0,0,0,0,996000.0,774000.0,0,0.0,17437000,77320000.0,-82455000.0,0,0,0,0,-9366000.0,9366000.0,0,0,0,0,0,0,0,0,17437000.0
HCDI,2020-09-30,USD,-6957600.0,0,0,0,0,199400.0,79300.0,0,0.0,0,105700.0,8871000.0,0,0,0,0,0.0,0.0,0,0,0,0,0,0,0,0,-437100.0
HHR,2019-03-31,RUB,374765000.0,0,0,0,0,165104000.0,84556000.0,0,0.0,0,-290475000.0,-573941000.0,0,0,0,0,0.0,0.0,0,0,0,0,0,0,0,0,209391000.0
HKIB,2019-06-30,HKD,168246205.0,0,0,0,0,0.0,0.0,0,0.0,0,-954552557.0,0.0,0,0,0,0,0.0,0.0,0,0,0,0,0,0,0,0,219671645.0
HOOK,2019-03-31,USD,-12890000.0,0,0,0,0,297000.0,400000.0,0,0.0,-12890000,-400000.0,35157000.0,0,0,0,0,0.0,0.0,0,0,0,0,37274000,0,22701000,-773000,-9329000.0
HOTH,2019-03-31,USD,-763955.0,0,0,-54355,75914,302.0,10000.0,0,0.0,-829365,-10000.0,5857500.0,0,0,0,0,0.0,0.0,0,5857500,0,0,5857500,0,5083545,0,-829365.0
HRMY,2020-09-30,USD,8838000.0,0,0,0,0,1967000.0,0.0,0,-228000.0,0,0.0,136622000.0,0,0,0,0,0.0,0.0,0,0,0,0,0,0,0,0,1909000.0
HUIZ,2019-12-31,CNY,-27307000.0,0,0,0,0,1061000.0,2421000.0,0,0.0,0,-2449000.0,18916000.0,0,0,0,0,0.0,0.0,0,0,0,0,0,0,0,0,-7545000.0
IBEX,2020-06-30,USD,18066000.0,0,0,0,0,6012000.0,761000.0,0,0.0,0,-640000.0,-11045000.0,0,0,0,0,0.0,0.0,0,0,0,0,0,0,0,0,-3805000.0
IDYA,2019-06-30,USD,-10272000.0,0,0,0,0,298000.0,449000.0,0,0.0,-10656000,11411000.0,51674000.0,0,0,0,0,0.0,0.0,0,0,0,0,50848000,0,0,0,-10656000.0
IGMS,2019-09-30,USD,-15380000.0,0,0,0,0,1360000.0,589000.0,0,0.0,-10172000,-58363000.0,224650000.0,0,0,0,0,0.0,0.0,0,0,0,0,269343000,0,0,0,-10172000.0
IHRT,2019-06-30,USD,83201000.0,0,0,0,0,59383000.0,17435000.0,0,0.0,38793000,-17787000.0,-684000.0,0,0,0,0,571000.0,0.0,0,0,0,0,0,0,0,0,38793000.0
IH,2020-09-30,CNY,0.0,0,0,0,0,0.0,0.0,0,0.0,0,0.0,0.0,0,0,0,0,0.0,0.0,0,0,0,0,0,0,0,0,10633000.0
IMAB,2019-12-31,CNY,-215989000.0,0,0,0,0,4372000.0,7624000.0,0,0.0,0,77334000.0,113296000.0,0,0,0,0,0.0,0.0,0,0,0,0,183536000,0,0,0,-348570000.0
IMAC,2018-12-31,USD,-195154.0,0,0,0,0,106246.0,-826157.0,0,0.0,-889126,454578.0,-306983.0,0,0,0,0,0.0,0.0,0,0,0,0,-335320,0,0,0,-937459.0
IMNM,2020-09-30,USD,-2528000.0,0,0,0,0,177000.0,124000.0,0,0.0,0,-124000.0,-393000.0,0,0,0,0,0.0,0.0,0,0,0,0,0,0,0,0,-8377000.0
INDO,2019-12-31,USD,-119594.0,0,0,0,0,0.0,0.0,0,0.0,0,-388357.0,0.0,0,0,0,0,0.0,0.0,0,0,0,0,0,0,0,0,0.0
INMD,2019-06-30,USD,18501000.0,0,0,0,0,74000.0,86000.0,0,-524000.0,0,-8597000.0,15000.0,0,0,0,0,0.0,0.0,0,0,0,0,137000,0,0,0,15797000.0
INTZ,2020-09-30,USD,-1341000.0,-2000,0,-259000,243000,57000.0,91000.0,-37000,0.0,-1416000,-91000.0,65000.0,0,0,0,0,32000.0,-32000.0,0,0,0,0,108000,0,-1367000,0,-1409000.0
INZY,2020-06-30,USD,-8633000.0,0,0,0,0,26000.0,67000.0,0,0.0,0,5852000.0,31932000.0,0,0,0,0,0.0,0.0,0,0,0,0,0,0,0,0,-9473000.0
IPHA,2019-09-30,EUR,-12355500.0,0,0,0,0,13633368.12,748900.92,0,0.0,0,-161500.0,110349771.24,0,0,0,0,0.0,0.0,0,0,0,0,0,0,0,0,-47770883.43
ITOS,2020-06-30,USD,-10002000.0,0,0,0,0,129000.0,92000.0,0,0.0,0,-101000.0,-1106000.0,0,0,0,0,0.0,0.0,0,0,0,0,0,0,0,0,-7202000.0
IVA,2020-06-30,USD,-3592000.0,0,0,0,0,0.0,0.0,0,0.0,0,-1002000.0,0.0,0,0,0,0,0.0,0.0,0,0,0,0,0,0,0,0,0.0
JFIN,2019-03-31,CNY,0.0,0,0,0,0,0.0,0.0,0,0.0,0,0.0,0.0,0,0,0,0,0.0,0.0,0,0,0,0,0,0,0,0,254215000.0
JMIA,2019-03-31,EUR,-39300000.0,0,0,0,0,1700000.0,700000.0,0,-1700000.0,0,-700000.0,71200000.0,0,0,0,0,0.0,0.0,0,0,0,0,75000000,0,0,0,-45700000.0
JUPW,2020-09-30,USD,-465755.0,0,0,0,0,46890.0,0.0,0,-35304.0,0,0.0,295000.0,0,0,0,0,0.0,0.0,0,0,0,0,0,0,0,0,-607289.0
JWS,2020-03-31,USD,0.0,0,0,0,0,0.0,0.0,0,0.0,0,0.0,0.0,0,0,0,0,0.0,0.0,0,0,0,0,0,0,0,0,-3413.0
KBNT,2020-06-30,USD,-440863.0,0,0,0,0,88030.0,1229.0,0,0.0,0,-1229.0,466190.0,0,0,0,0,0.0,0.0,0,0,0,0,0,0,0,0,-1505320.0
KC,2020-03-31,CNY,93887000.0,0,0,0,0,0.0,0.0,0,0.0,0,-294953000.0,138900000.0,0,0,0,0,0.0,0.0,0,0,0,0,0,0,0,0,-331341000.0
KRBP,2020-09-30,USD,-953400.0,0,0,0,0,50400.0,250800.0,0,0.0,0,-250800.0,-10000.0,0,0,0,0,0.0,0.0,0,0,0,0,0,0,0,0,-2415700.0
KRKR,2019-09-30,CNY,0.0,0,0,0,0,0.0,0.0,0,0.0,0,0.0,0.0,0,0,0,0,0.0,0.0,0,0,0,0,0,0,0,0,-11153000.0
KRON,2020-09-30,USD,-10286000.0,0,0,0,0,196000.0,4165000.0,0,0.0,0,-20781000.0,149297000.0,0,0,0,0,0.0,0.0,0,0,0,0,0,0,0,0,-39713000.0
KROS,2020-03-31,USD,-8120000.0,0,0,0,0,63000.0,176000.0,0,0.0,0,-176000.0,55794000.0,0,0,0,0,0.0,0.0,0,0,0,0,56013000,0,0,0,-11892000.0
KRTX,2019-06-30,USD,-9573000.0,0,0,0,0,12000.0,53000.0,0,0.0,-15140000,-64521000.0,314000.0,0,0,0,0,0.0,0.0,0,0,0,0,74887000,0,0,0,-15140000.0
KRUS,2019-08-31,USD,2555000.0,0,0,0,0,628000.0,3038000.0,0,71000.0,916000,-3547000.0,37771000.0,0,0,0,0,0.0,0.0,0,0,0,0,43422000,0,0,0,916000.0
LEGN,2020-06-30,USD,-56885000.0,0,0,0,0,0.0,0.0,0,0.0,0,-9212000.0,0.0,0,0,0,0,0.0,0.0,0,0,0,0,0,0,0,0,-134876000.0
LESL,2020-09-30,USD,17488000.0,0,0,0,0,8340000.0,5147000.0,0,32142000.0,0,-5147000.0,-4170000.0,0,0,0,0,0.0,0.0,0,0,0,0,0,0,0,0,42055000.0
LEVI,2019-02-24,USD,146451000.0,2778000,0,-30128000,-13139000,28559000.0,36149000.0,-69672000,48120000.0,146451000,-80211000.0,-55000000.0,886000,3088000,3088000,0,55000000.0,-55000000.0,0,0,0,0,-3088000,0,91451000,0,146577000.0
LINX,2019-06-30,BRL,35836000.0,0,0,0,0,31590000.0,47271000.0,0,0.0,0,6221000.0,741705000.0,0,0,0,0,-25000000.0,-25000000.0,0,0,0,0,0,0,0,0,12468000.0
LIVK,2019-12-31,USD,-84321.0,0,0,0,0,0.0,0.0,0,0.0,0,0.0,81113063.0,0,0,0,0,0.0,0.0,0,0,0,0,0,0,0,0,-67402.0
LIZI,2019-12-31,CNY,-38191000.0,0,0,0,0,4021000.0,3865000.0,0,0.0,0,-3865000.0,0.0,0,0,0,0,0.0,0.0,0,0,0,0,0,0,0,0,-28950000.0
LI,2020-06-30,CNY,451711000.0,0,0,0,0,0.0,0.0,0,0.0,0,0.0,0.0,0,0,0,0,0.0,0.0,0,0,0,0,0,0,0,0,-75162000.0
LMPX,2019-12-31,USD,-4107292.0,0,0,0,0,275536.0,26109.0,0,2137258.0,-537558,-52312.0,8593987.0,0,0,0,0,0.0,0.0,0,0,0,0,0,0,4434383,0,-572195.0
LSF,2020-09-30,USD,-2450891.0,0,0,0,0,344160.0,874760.0,0,-393756.0,-3355084,3760071.0,74924780.0,0,0,0,0,0.0,0.0,0,0,0,0,76203790,0,0,0,-3355084.0
LSPD,2020-09-30,USD,-7379000.0,0,0,0,0,5715000.0,486000.0,0,-475000.0,0,286000.0,316091000.0,0,0,0,0,0.0,0.0,0,0,0,0,0,0,0,0,-19466000.0
LTRN,2020-06-30,USD,-490870.0,0,0,0,0,666.0,0.0,0,0.0,-833422,-7821.0,23662787.0,0,0,0,0,0.0,0.0,0,0,0,0,0,0,0,0,-833422.0
LU,2020-09-30,CNY,5022897000.0,0,0,0,0,0.0,0.0,0,0.0,0,-9458344000.0,6856221000.0,0,0,0,0,0.0,0.0,0,0,0,0,0,0,0,0,2184179000.0
LXEH,2020-09-30,CNY,0.0,0,0,0,0,0.0,0.0,0,0.0,0,0.0,0.0,0,0,0,0,0.0,0.0,0,0,0,0,0,0,0,0,-3325317.0
LYFT,2019-03-31,USD,-84827000.0,0,0,0,0,23135000.0,25126000.0,0,0.0,-1138473000,670324000.0,-788167000.0,0,0,0,0,0.0,0.0,0,0,0,0,1601000,0,0,0,-1138473000.0
LYRA,2020-03-31,USD,-4017000.0,0,0,0,0,8000.0,8000.0,0,0.0,-4232000,-8000.0,29464000.0,0,0,0,0,0.0,0.0,0,0,0,0,30392000,0,0,0,-4232000.0
MAX,2020-09-30,USD,15000.0,0,0,0,0,210000.0,156000.0,0,0.0,-9869000,-64000.0,-27167000.0,0,0,0,0,-120697000.0,-120697000.0,0,0,0,0,0,0,0,0,-9869000.0
MCBS,2019-09-30,USD,92999000.0,0,0,0,0,623000.0,279000.0,0,0.0,12356000,-71575000.0,96041000.0,0,0,0,0,-2693000.0,2693000.0,0,0,0,0,0,0,0,0,12356000.0
MCMJ,2019-09-30,USD,-426.0,0,0,0,0,0.0,0.0,0,0.0,0,337239.0,10089.0,0,0,0,0,0.0,0.0,0,0,0,0,0,0,0,0,-87.0
MDJH,2018-12-31,USD,-643500.0,0,0,0,0,12580.0,1220.0,0,0.0,0,-1220.0,4103480.0,0,0,0,0,0.0,0.0,0,0,0,0,4103480,0,0,0,-537810.0
MDWT,2020-12-31,USD,-19101153.0,7190184,0,3612725,-848016,12928.0,25070.0,0,0.0,-11914245,-165229996.0,199578638.0,0,25022,25022,0,0.0,0.0,0,0,0,0,64345250,0,15247489,0,-11914245.0
MEC,2019-03-31,USD,4828000.0,0,0,0,0,7650000.0,8151000.0,0,470000.0,2459000,-8142000.0,6580000.0,0,0,0,0,0.0,0.0,0,0,0,0,0,0,-3061000,0,2459000.0
MEDS,2019-12-31,USD,-182790.0,57756,0,-146102,69383,1250.0,82250.0,87177,-6555.0,-495203,-82252.0,-222552.0,0,0,0,0,0.0,0.0,0,0,0,0,0,0,-487594,0,-495203.0
MEG,2020-06-30,USD,7394000.0,0,0,0,0,17344000.0,3315000.0,0,0.0,0,-172309000.0,213412000.0,0,0,0,0,0.0,0.0,0,0,0,0,173685000,0,0,0,-28024000.0
MIRM,2019-06-30,USD,-8017000.0,0,0,0,0,88000.0,0.0,0,0.0,-13557000,-58401000.0,58760000.0,0,0,0,0,0.0,0.0,0,0,0,0,59977000,0,0,0,-13557000.0
MITO,2019-03-31,USD,0.0,0,0,0,0,0.0,0.0,0,0.0,0,0.0,0.0,0,0,0,0,0.0,0.0,0,0,0,0,0,0,0,0,-43178000.0
MKD,2019-12-31,CNY,-62409000.0,0,0,0,0,658000.0,154000.0,0,-411000.0,0,-154000.0,44930000.0,0,0,0,0,0.0,0.0,0,0,0,0,0,0,0,0,-60326000.0
MNPR,2019-12-31,USD,-668705.0,0,0,304229,-109879,0.0,0.0,0,0.0,-1224895,0.0,9386869.0,0,0,0,0,0.0,0.0,0,0,0,0,10332220,0,8719389,0,-1206859.0
MNSO,2020-09-30,CNY,0.0,0,0,0,0,0.0,0.0,0,0.0,0,0.0,0.0,0,0,0,0,0.0,0.0,0,0,0,0,0,0,0,0,-1672619000.0
MOHO,2019-09-30,USD,0.0,0,0,0,0,0.0,0.0,0,0.0,0,0.0,0.0,0,0,0,0,0.0,0.0,0,0,0,0,0,0,0,0,1977000.0
MORF,2019-06-30,USD,-14068000.0,0,0,0,0,199000.0,497000.0,0,0.0,-9433000,17681000.0,-1833000.0,0,0,0,0,0.0,0.0,0,0,0,0,0,0,0,0,-9433000.0
MRVI,2020-12-31,USD,0.0,0,0,0,0,0.0,0.0,0,0.0,0,0.0,0.0,0,0,0,0,0.0,0.0,0,0,0,0,0,0,0,0,25209000.0
MTC,2018-12-31,USD,-1870350.0,0,0,0,0,27310.0,23860.0,0,0.0,0,-66310.0,1848890.0,0,0,0,0,0.0,0.0,0,0,0,0,1666870,0,0,0,-2349000.0
MWK,2019-06-30,USD,-4366000.0,0,0,0,0,40000.0,11000.0,0,-2514000.0,-16879000,-11000.0,30937000.0,0,0,0,0,0.0,0.0,0,0,0,0,30902000,0,0,0,-16879000.0
NBAC,2019-12-31,USD,-358.0,0,0,0,0,0.0,0.0,0,0.0,0,-57500000.0,-5149.0,0,0,0,0,0.0,0.0,0,0,0,0,25000,0,0,0,-175.0
NCNO,2020-07-31,USD,23477000.0,0,0,0,0,1757000.0,1861000.0,0,0.0,0,-1861000.0,268002000.0,0,0,0,0,0.0,0.0,0,0,0,0,0,0,0,0,-14646000.0
NFE,2018-12-31,USD,-40071000.0,0,0,0,0,1258000.0,68290000.0,9870000,-3195000.0,-34763000,-72320000.0,145040000.0,0,0,0,0,0.0,0.0,0,0,0,0,0,0,0,0,-34729000.0
NGMS,2020-12-31,USD,0.0,0,0,0,0,0.0,0.0,0,0.0,0,0.0,0.0,0,0,0,0,0.0,0.0,0,0,0,0,0,0,0,0,2494000.0
NGM,2019-03-31,USD,-9342000.0,0,0,0,0,1508000.0,1766000.0,3669000,0.0,-9342000,2493000.0,-3000.0,0,0,0,0,0.0,0.0,0,0,0,0,-3000,0,-9610000,0,-8268000.0
NKTX,2020-06-30,USD,-10241460.0,0,0,0,0,140703.0,2486757.0,0,0.0,0,2813243.0,8813665.0,0,0,0,0,0.0,0.0,0,0,0,0,0,0,0,0,-51065117.0
NNOX,2020-09-30,USD,-3440000.0,0,0,0,0,0.0,0.0,0,0.0,0,-1280000.0,0.0,0,0,0,0,0.0,0.0,0,0,0,0,0,0,0,0,-11055000.0
NOVA,2019-06-30,USD,-31264000.0,0,0,0,0,11631000.0,95894000.0,0,0.0,-49807000,-124730000.0,176203000.0,0,0,0,0,0.0,0.0,0,-484000,0,0,-256000,0,0,0,-50738000.0
NTST,2020-06-30,USD,905000.0,0,0,0,0,3116000.0,0.0,0,0.0,-405000,-141477000.0,-1320000.0,0,0,0,0,-6000.0,-6000.0,0,0,0,0,0,0,0,0,-294000.0
NUZE,2020-06-30,USD,-767962.0,82587,0,112742,-97741,101007.0,0.0,-257649,52361.0,-2542418,513554.0,4835861.0,-23363,0,0,0,0.0,0.0,0,4873263,0,0,4873263,0,4592192,10739,-2541062.0
NXTC,2019-03-31,USD,-7080000.0,0,0,0,0,563000.0,935000.0,0,0.0,-6155000,-935000.0,2970000.0,0,0,0,0,0.0,0.0,0,4000,0,0,4000,0,0,0,-6155000.0
OCFT,2019-12-31,CNY,-344181000.0,0,0,0,0,1.49,101756000.0,0,0.0,0,-1716686000.0,2213173000.0,0,0,0,0,0.0,0.0,0,0,0,0,2137257000,0,0,0,-619375000.0
OLMA,2020-12-31,USD,-9013000.0,0,0,0,0,0.0,0.0,0,0.0,0,-51000.0,0.0,0,0,0,0,0.0,0.0,0,0,0,0,0,0,0,0,-10131000.0
OM,2020-09-30,USD,-29116000.0,0,0,0,0,433000.0,1459000.0,0,-7211000.0,0,-31882000.0,259758000.0,0,0,0,0,0.0,0.0,0,0,0,0,0,0,0,0,-42294000.0
ONEM,2019-12-31,USD,-7576000.0,0,0,0,0,4828000.0,16790000.0,0,106000.0,-19518000,3090000.0,-23000.0,0,0,0,0,0.0,0.0,0,0,0,0,0,0,0,0,-19426000.0
OPT,2020-09-30,AUD,-12365224.0,0,0,0,0,0.0,0.0,0,0.0,0,468575.0,0.0,0,0,0,0,0.0,0.0,0,0,0,0,0,0,0,0,0.0
ORCC,2019-06-30,USD,-170859000.0,0,0,0,0,0.0,0.0,0,0.0,0,0.0,1230125000.0,0,0,0,0,-44496000.0,-44496000.0,0,0,0,0,2330510000,0,0,0,124670000.0
ORIC,2020-03-31,USD,-8279000.0,0,0,0,0,250000.0,4000.0,0,0.0,0,189000.0,-1627000.0,0,0,0,0,0.0,0.0,0,0,0,0,12000,0,0,0,-8872000.0
ORPH,2020-09-30,DKK,-167453500.0,0,0,0,0,0.0,0.0,0,0.0,0,-1670500.0,0.0,0,0,0,0,0.0,0.0,0,0,0,0,0,0,0,0,0.0
ORSN,2019-06-30,USD,-103.0,0,0,0,0,0.0,0.0,0,0.0,-103,-44396976.0,-85406.0,0,0,0,0,0.0,0.0,0,0,0,0,0,0,-85509,0,-103.0
OSH,2020-06-30,USD,-6337000.0,0,0,0,0,5178000.0,8043000.0,0,0.0,0,-4661000.0,204970000.0,0,0,0,0,0.0,0.0,0,0,0,0,224363000,0,0,0,-42199000.0
PAND,2020-06-30,USD,-9302000.0,0,0,0,0,103000.0,495000.0,0,0.0,-9237000,-495000.0,47864000.0,0,0,0,0,0.0,0.0,0,0,0,0,-136000,0,0,0,-9237000.0
PBTS,2019-03-31,USD,0.0,0,0,0,0,0.0,0.0,0,0.0,0,0.0,0.0,0,0,0,0,0.0,0.0,0,0,0,0,0,0,0,0,-1442525.0
PCVX,2020-06-30,USD,-9172000.0,0,0,0,0,355000.0,55000.0,0,0.0,0,-55000.0,264482000.0,0,0,0,0,0.0,0.0,0,0,0,0,0,0,0,0,-20320000.0
PFHD,2019-12-31,USD,5640000.0,0,0,0,0,421000.0,729000.0,0,0.0,0,-22236000.0,85051000.0,0,0,0,0,0.0,0.0,0,0,0,0,0,0,0,0,988000.0
PGNY,2019-09-30,USD,5879000.0,0,0,0,0,535000.0,420000.0,0,0.0,-8210000,-420000.0,1907000.0,0,0,0,0,0.0,0.0,0,0,0,0,-182000,0,0,0,-8210000.0
PHAT,2019-09-30,USD,-7108000.0,0,0,0,0,2000.0,26000.0,0,0.0,-68112000,-26000.0,-1299000.0,0,0,0,0,0.0,0.0,0,0,0,0,-1299000,0,0,0,-68112000.0
PINE,2019-12-31,USD,1877975.0,0,0,0,0,5545790.0,152919800.0,0,0.0,0,-125918772.0,156346910.0,0,0,0,0,-529340.0,-529340.0,0,0,0,0,150000000,0,0,0,3585360.0
PING,2019-09-30,USD,410000.0,0,0,0,0,8219000.0,2187000.0,0,0.0,-595000,-5255000.0,3925000.0,0,0,0,0,0.0,0.0,0,0,0,0,0,0,0,0,-595000.0
PLIN,2019-06-30,USD,-893555.0,0,0,0,0,689530.0,20640.0,0,9177.0,0,-6433.0,6650530.0,0,0,0,0,0.0,0.0,0,0,0,0,4595630,0,0,0,4363590.0
PLMR,2019-03-31,USD,22307000.0,0,0,0,0,6975000.0,27000.0,0,0.0,22307000,3630000.0,-5120000.0,0,0,0,0,-5120000.0,-5120000.0,0,0,0,0,0,0,0,0,-14411000.0
PPD,2019-12-31,USD,119224000.0,0,0,0,0,66934000.0,36026000.0,-18857000,0.0,18294000,-37680000.0,-168810000.0,0,1274000,0,0,-1246000000.0,-1246000000.0,0,0,0,0,-1274000,0,0,0,16750000.0
PRFX,2020-09-30,USD,-1121000.0,0,0,0,0,0.0,0.0,0,0.0,0,-5000.0,0.0,0,0,0,0,0.0,0.0,0,0,0,0,0,0,0,0,0.0
PROS,2019-06-30,USD,74532000.0,0,0,0,0,2031000.0,1606000.0,0,0.0,8618000,-74599000.0,33450000.0,0,0,0,0,0.0,0.0,0,0,0,0,0,0,0,0,8618000.0
PRVL,2019-06-30,USD,-10129000.0,0,0,0,0,56175.0,1282000.0,0,0.0,-15103000,-1282000.0,113239000.0,0,0,0,0,0.0,0.0,0,0,0,0,166255000,0,0,0,-15103000.0
PSNL,2019-06-30,USD,-10902000.0,0,0,0,0,1100000.0,1841000.0,0,-654000.0,-5869000,-1841000.0,142777000.0,0,0,0,0,0.0,0.0,0,0,0,0,144644000,0,0,0,-5869000.0
PSN,2019-03-31,USD,21160000.0,0,0,0,0,30591000.0,11041000.0,0,0.0,21160000,-301059000.0,210623000.0,0,0,0,0,-52093000.0,-52093000.0,0,0,0,0,-813000,0,0,0,9741000.0
PSTL,2019-03-31,USD,517313.0,0,0,0,0,485992.0,11840.0,109044,0.0,257076,-656960.0,272042.0,0,0,0,0,-1218036.0,-1218036.0,0,0,0,0,0,0,132395,0,257076.0
PTK,2020-06-30,USD,25177.0,0,0,0,0,0.0,0.0,0,0.0,0,-115000000.0,-42930.0,0,0,0,0,0.0,0.0,0,0,0,0,0,0,0,0,-106820.0
PTVE,2020-09-30,USD,173000000.0,0,0,0,0,73000000.0,115000000.0,0,18000000.0,-359000000,-112000000.0,206000000.0,0,0,0,0,0.0,0.0,0,0,0,0,0,0,389000000,0,-359000000.0
PUBM,2020-12-31,USD,10538000.0,0,0,0,0,4169000.0,12880000.0,0,0.0,0,-18086000.0,50038000.0,0,0,0,0,0.0,0.0,0,0,0,0,-2000,0,0,0,18825000.0
PUYI,2019-03-31,USD,25891500.0,0,0,0,0,561000.0,2125500.0,0,0.0,0,5037500.0,76930000.0,0,0,0,0,0.0,0.0,0,0,0,0,0,0,0,0,3518000.0
PYPD,2020-06-30,USD,0.0,0,0,0,0,0.0,0.0,0,0.0,0,0.0,0.0,0,0,0,0,0.0,0.0,0,0,0,0,0,0,0,0,-16993000.0
QH,2020-06-30,CNY,0.0,0,0,0,0,0.0,0.0,0,0.0,0,0.0,0.0,0,0,0,0,0.0,0.0,0,0,0,0,0,0,0,0,20660000.0
QK,2019-09-30,CNY,-32500000.0,0,0,0,0,55895000.0,66590000.0,0,0.01,0,-63743000.0,-105817000.0,0,0,0,0,0.0,0.0,0,0,0,0,0,0,0,0,-125116000.0
RAPT,2019-09-30,USD,-12139000.0,0,0,0,0,342000.0,76000.0,0,0.0,-9967000,-76000.0,663000.0,0,0,0,0,0.0,0.0,0,0,0,0,15161000,0,0,0,-9971000.0
RBKB,2018-12-31,USD,1795000.0,3058000,0,668000,10999000,363000.0,712000.0,105000,0.0,1198000,-22824000.0,59023000.0,-6711000,0,0,0,0.0,0.0,0,0,0,0,0,0,37994000,0,1198000.0
REAL,2019-06-30,USD,-23603000.0,0,0,0,0,3185000.0,6299000.0,0,2136000.0,-26875000,-7626000.0,-3968000.0,0,0,0,0,0.0,0.0,0,0,0,0,71550000,0,0,0,-26875000.0
REYN,2019-12-31,USD,257000000.0,0,0,0,0,28000000.0,35000000.0,0,-58000000.0,90000000,-35000000.0,-135000000.0,0,0,0,0,0.0,0.0,0,0,0,0,0,0,0,0,90000000.0
RICE,2020-09-30,USD,0.0,0,0,0,0,0.0,0.0,0,0.0,0,0.0,0.0,0,0,0,0,0.0,0.0,0,0,0,0,0,0,0,0,0.0
RKT,2020-06-30,USD,-2303310000.0,0,0,0,0,32304000.0,42221000.0,0,0.0,0,-3949000.0,2107923000.0,0,0,0,0,0.0,0.0,0,0,0,0,-1590711000,0,0,0,3558491000.0
RLAY,2020-06-30,USD,-20844000.0,0,0,0,0,865000.0,414000.0,0,0.0,0,87648000.0,-93000.0,0,0,0,0,0.0,0.0,0,0,0,0,0,0,0,0,-26724000.0
RMBI,2019-06-30,USD,2856379.0,0,0,0,0,266667.0,182060.0,0,0.0,-754909,-28863723.0,197484661.0,0,0,0,0,0.0,0.0,0,0,0,0,0,0,171477317,0,335125.0
RNLX,2020-06-30,USD,-2924000.0,0,0,0,0,0.0,0.0,0,0.0,0,6702000.0,0.0,0,0,0,0,0.0,0.0,0,0,0,0,0,0,0,0,0.0
RPRX,2020-06-30,USD,489004000.0,0,0,0,0,5733000.0,0.0,0,0.0,601976000,-249373000.0,1579432000.0,0,0,0,0,-143579000.0,-143579000.0,0,0,0,0,0,0,0,0,442074000.0
RPTX,2020-06-30,USD,36684000.0,0,0,0,0,207000.0,13000.0,0,0.0,0,-13000.0,249026000.0,0,0,0,0,0.0,0.0,0,0,0,0,0,0,0,0,-11802000.0
RTLR,2019-06-30,USD,84157000.0,0,0,0,0,10158000.0,51192000.0,0,0.0,46679000,-88594000.0,-3887000.0,0,0,0,0,-726513000.0,-726513000.0,0,0,0,0,721626000,0,0,0,4803000.0
RUHN,2019-03-31,CNY,-9384630.0,0,0,0,0,6486230.0,6820390.0,0,66648656.0,0,-6702210.0,88987310.0,0,0,0,0,0.0,0.0,0,0,0,0,10,0,0,0,-84923630.0
RVLV,2019-06-30,USD,6759000.0,0,0,0,0,889000.0,4768000.0,0,4801000.0,12741000,-4768000.0,15783000.0,0,0,0,0,0.0,0.0,0,0,0,0,16261000,0,0,0,12741000.0
RVMD,2019-12-31,USD,-11652000.0,0,0,0,0,598000.0,510000.0,0,0.0,-14596000,8021000.0,-1534000.0,0,0,0,0,0.0,0.0,0,0,0,0,100260000,0,0,0,-14596000.0
SCPE,2019-06-30,USD,-120.0,0,0,0,0,0.0,0.0,0,0.0,0,-172500000.0,0.0,0,0,0,0,0.0,0.0,0,0,0,0,0,0,0,0,-70.0
SDC,2019-09-30,USD,-94123000.0,0,0,0,0,6514000.0,28207000.0,0,884000.0,-387564000,-28207000.0,520805000.0,0,0,0,0,0.0,0.0,0,0,0,0,507673000,0,0,0,-88296000.0
SDGR,2019-12-31,USD,-11265000.0,0,0,0,0,908000.0,157000.0,0,0.0,-7145000,6377000.0,-1715000.0,0,0,0,0,0.0,0.0,0,0,0,0,30442000,0,0,0,-6769000.0
SGTX,2020-12-31,USD,-17123000.0,0,0,0,0,226000.0,495000.0,0,0.0,0,0.0,157747000.0,0,0,0,0,0.0,0.0,0,0,0,0,0,0,0,0,-15189000.0
SHC,2020-12-31,USD,21845000.0,0,0,0,0,36405000.0,19867000.0,0,-3391000.0,0,-18774000.0,-10529000.0,0,0,0,0,0.0,0.0,0,0,0,0,0,0,0,0,-43680000.0
SILK,2019-03-31,USD,-24158000.0,0,0,0,0,174000.0,117000.0,0,2339000.0,-24158000,-117000.0,-744000.0,0,0,0,0,0.0,0.0,0,375000,0,0,405000,0,0,0,-24158000.0
SITM,2019-12-31,USD,2496000.0,0,0,0,0,2114000.0,594000.0,0,-777000.0,633000,-992000.0,52682000.0,0,0,0,0,0.0,0.0,0,0,0,0,56353000,0,0,0,633000.0
SLGG,2019-03-31,USD,-3322000.0,0,0,0,0,2769000.0,18000.0,173000,0.0,-16069000,-424000.0,22458000.0,0,0,0,0,0.0,0.0,0,0,0,0,22458000,0,18712000,0,-16069000.0
SNDL,2019-06-30,CAD,-9664000.0,0,0,0,0,1501000.0,33437000.0,0,0.0,0,-29002000.0,64095000.0,0,0,0,0,0.0,0.0,0,0,0,0,17987000,0,0,0,-12322000.0
SNOW,2020-09-30,USD,-19754000.0,0,0,0,0,2849000.0,18114000.0,0,0.0,0,-433635000.0,4254420000.0,0,0,0,0,0.0,0.0,0,0,0,0,0,0,0,0,-168889000.0
SOAC,2020-03-31,USD,0.0,0,0,0,0,0.0,0.0,0,0.0,0,0.0,0.0,0,0,0,0,0.0,0.0,0,0,0,0,0,0,0,0,-58999.0
SOLY,2019-03-31,USD,-3297337.0,20038,0,-1230622,220349,29703.0,784568.0,0,0.0,-3208345,-784568.0,9009160.0,0,0,0,0,0.0,0.0,0,0,0,0,9714200,0,4927255,0,-3208345.0
SONM,2019-03-31,USD,-4528000.0,0,0,0,0,892000.0,82000.0,11379000,7233000.0,-5124000,-191000.0,1522000.0,0,0,0,0,0.0,0.0,0,0,0,0,1645000,0,-3197000,0,-5124000.0
SPNV,2020-09-30,USD,0.0,0,0,0,0,0.0,0.0,0,0.0,0,0.0,0.0,0,0,0,0,0.0,0.0,0,0,0,0,0,0,0,0,0.0
SPRB,2020-09-30,USD,-7597000.0,0,0,0,0,8000.0,43000.0,0,0.0,0,-43000.0,43197000.0,0,0,0,0,0.0,0.0,0,0,0,0,0,0,0,0,-9587000.0
SQFT,2020-09-30,USD,2695423.0,0,0,-113409,-1174119,1626917.0,2703865.0,0,0.0,-1384468,1552140.0,-2899526.0,-7154118,0,18000,0,0.0,0.0,0,0,0,0,-18000,0,1348037,0,-1748245.0
SSPK,2019-06-30,USD,-5000.0,0,0,0,0,0.0,0.0,0,0.0,0,-178571500.0,5000.0,0,0,0,0,0.0,0.0,0,0,0,0,0,0,0,0,-5000.0
STEP,2020-09-30,USD,53941000.0,0,0,0,0,1393000.0,401000.0,0,0.0,0,-4137000.0,19446000.0,0,0,0,0,0.0,0.0,0,0,0,0,0,0,0,0,-790000.0
STOK,2019-06-30,USD,-6274000.0,0,0,0,0,105000.0,392000.0,0,0.0,-7819000,-392000.0,150638000.0,0,0,0,0,0.0,0.0,0,0,0,0,152014000,0,0,0,-7819000.0
STSA,2019-09-30,USD,-11317000.0,0,0,0,0,38000.0,-19000.0,0,0.0,-8260000,-33899000.0,75259000.0,0,0,0,0,0.0,0.0,0,0,0,0,136693000,0,0,0,-8260000.0
SWAV,2019-03-31,USD,-14415000.0,0,0,0,0,255000.0,420000.0,0,1883000.0,-12799000,-420000.0,113256000.0,0,0,0,0,0.0,0.0,0,0,0,0,103256000,0,0,0,-12799000.0
SWTX,2019-09-30,USD,-11113000.0,0,0,0,0,63000.0,84000.0,0,0.0,-16833000,-84000.0,169731000.0,0,0,0,0,0.0,0.0,0,0,0,0,333688000,0,0,0,-16833000.0
SXTC,2018-12-31,USD,237161.0,0,0,0,0,49118.0,263135.0,0,38702.0,0,-268775.0,4521042.0,0,0,0,0,0.0,0.0,0,0,0,0,0,0,0,0,273432.0
SYTA,2020-09-30,CAD,-1155250.0,0,0,0,0,480112.0,614974.0,0,516656.0,0,-614974.0,15528942.0,0,0,0,0,0.0,0.0,0,0,0,0,0,0,0,0,-2506798.0
SY,2019-03-31,CNY,0.0,0,0,0,0,0.0,0.0,0,0.0,0,0.0,0.0,0,0,0,0,0.0,0.0,0,0,0,0,0,0,0,0,45905000.0
TARS,2020-09-30,USD,-6572000.0,0,0,0,0,80000.0,135000.0,0,0.0,0,-135000.0,39901000.0,0,0,0,0,0.0,0.0,0,0,0,0,0,0,0,0,-10138000.0
TFFP,2019-09-30,USD,-3071378.0,0,0,0,0,0.0,0.0,0,0.0,-2838303,0.0,-10167.0,0,0,0,0,0.0,0.0,0,0,0,0,7198230,0,0,0,-2838303.0
THBR,2019-06-30,USD,-105.0,0,0,0,0,0.0,0.0,0,0.0,-26355,-345000000.0,-2152.0,0,0,0,0,0.0,0.0,0,0,0,0,0,0,0,0,-26355.0
THCA,2019-06-30,USD,-371.0,0,0,0,0,0.0,0.0,0,0.0,-29,-172500000.0,4515.0,0,0,0,0,0.0,0.0,0,0,0,0,0,0,4144,0,-29.0
THCB,2019-03-31,USD,-27594.0,0,0,0,0,0.0,0.0,0,0.0,283325,-276000000.0,276819240.0,0,0,0,0,0.0,0.0,0,0,0,0,277350000,0,791641,0,283325.0
THRY,2020-09-30,USD,76719000.0,0,0,0,0,0.0,0.0,0,0.0,0,-4011000.0,0.0,0,0,0,0,0.0,0.0,0,0,0,0,0,0,0,0,-145000.0
TIGR,2019-03-31,USD,0.0,0,0,0,0,0.0,0.0,0,0.0,0,0.0,0.0,0,0,0,0,0.0,0.0,0,0,0,0,0,0,0,0,-2874273.0
TIG,2020-06-30,USD,24355000.0,0,0,0,0,250000.0,50000.0,0,0.0,0,15577000.0,-8542000.0,0,0,0,0,-19496000.0,-19496000.0,0,0,0,0,0,0,0,0,3720000.0
TMDX,2019-03-31,USD,-7266000.0,0,0,0,0,245000.0,3000.0,0,2468000.0,-6895000,-3000.0,-697000.0,0,0,0,0,0.0,0.0,0,0,0,0,8000,0,0,0,-6895000.0
TPGY,2020-09-30,USD,0.0,0,0,0,0,0.0,0.0,0,0.0,0,0.0,0.0,0,0,0,0,0.0,0.0,0,0,0,0,0,0,0,0,-14183.0
TUFN,2019-03-31,USD,11905000.0,0,0,0,0,367000.0,844000.0,0,0.0,0,-854000.0,-219000.0,0,0,0,0,0.0,0.0,0,0,0,0,50000,0,0,0,-4448000.0
TW,2019-03-31,USD,-21079000.0,0,0,0,0,33503000.0,8283000.0,0,0.0,0,-8283000.0,-20000000.0,0,0,0,0,-20000000.0,-20000000.0,0,0,0,0,0,0,0,0,42352000.0
UBER,2019-03-31,USD,-722000000.0,0,0,0,0,146000000.0,129000000.0,0,0.0,-1016000000,204000000.0,-46000000.0,0,0,0,0,0.0,0.0,0,0,0,0,2000000,0,0,0,-1012000000.0
UCL,2020-06-30,USD,-2773000.0,0,0,0,0,0.0,0.0,0,0.0,0,-33330000.0,0.0,0,0,0,0,0.0,0.0,0,0,0,0,0,0,0,0,-41617000.0
UPST,2020-12-31,USD,68514000.0,0,0,0,0,647000.0,1356000.0,0,0.0,0,8807000.0,123364000.0,0,0,0,0,0.0,0.0,0,0,0,0,0,0,0,0,1027000.0
VIAO,2020-09-30,EUR,0.0,0,0,0,0,0.0,0.0,0,0.0,0,0.0,0.0,0,0,0,0,0.0,0.0,0,0,0,0,0,0,0,0,1400000.0
VIE,2019-09-30,USD,-43546000.0,0,0,0,0,19000.0,416000.0,0,0.0,-48410000,-67852000.0,78107000.0,0,0,0,0,0.0,0.0,0,0,0,0,168273000,0,0,0,-48410000.0
VIRI,2020-12-31,USD,0.0,0,0,0,0,0.0,0.0,0,0.0,0,0.0,0.0,0,0,0,0,0.0,0.0,0,0,0,0,0,0,0,0,-6501228.0
VIR,2019-09-30,USD,-36955000.0,0,0,0,0,900000.0,1257000.0,0,0.0,-48314000,47292000.0,1732000.0,0,0,0,0,0.0,0.0,0,0,0,0,318401000,0,0,0,-48314000.0
VIST,2019-06-30,USD,4870000.0,0,0,0,0,44274000.0,40606000.0,0,-2117000.0,0,-127639000.0,23794000.0,0,0,0,0,0.0,0.0,0,0,0,0,-248000,0,0,0,3702000.0
VITL,2020-06-30,USD,16881000.0,0,0,0,0,498000.0,1119000.0,0,2134000.0,0,-1119000.0,-379000.0,0,0,0,0,0.0,0.0,0,0,0,0,0,0,0,0,5964000.0
VSPR,2020-09-30,USD,-540.0,0,0,0,0,0.0,0.0,0,0.0,0,0.0,25540.0,0,0,0,0,0.0,0.0,0,0,0,0,0,0,0,0,-1540.0
VSTA,2020-06-30,BRL,106932000.0,0,0,0,0,43534000.0,20501000.0,0,-17748000.0,0,-20501000.0,2052000.0,0,0,0,0,0.0,0.0,0,0,0,0,0,0,0,0,-54938000.0
VTRU,2020-09-30,BRL,42381000.0,0,0,0,0,13131000.0,10337000.0,0,0.0,0,-495430000.0,472746000.0,0,0,0,0,0.0,0.0,0,0,0,0,0,0,0,0,4000000.0
WAFU,2019-03-31,USD,-88962.0,0,0,0,0,131020.0,350280.0,0,39136.0,0,-38281.0,11720.0,0,0,0,0,0.0,0.0,0,0,0,0,0,0,0,0,-1018530.0
WIMI,2020-03-31,CNY,5738546.0,0,0,0,0,0.0,0.0,0,0.0,0,-50356753.0,0.0,0,0,0,0,0.0,0.0,0,0,0,0,0,0,0,0,0.0
WISH,2020-12-31,USD,-24000000.0,0,0,0,0,3000000.0,1000000.0,0,0.0,0,88000000.0,1047000000.0,0,0,0,0,0.0,0.0,0,0,0,0,0,0,0,0,-569000000.0
WMG,2020-06-30,USD,123000000.0,56000000,0,21000000,-52000000,62000000.0,30000000.0,-39000000,-7000000.0,-946000000,-36000000.0,-43000000.0,0,0,0,0,37000000.0,-37000000.0,0,0,0,0,0,0,44000000,0,-520000000.0
WORK,2019-07-31,USD,321000.0,0,0,0,0,6781000.0,8192000.0,0,0.0,-359616000,239131000.0,2334000.0,0,0,0,0,0.0,0.0,0,0,0,0,10275000,0,0,0,-359562000.0
WPF,2020-06-30,USD,-334857.0,0,0,0,0,0.0,0.0,0,0.0,-1584,-1035000000.0,1036620046.0,0,0,0,0,0.0,0.0,0,25000,0,0,0,0,0,0,-1584.0
WSG,2019-06-30,EUR,30704000.0,0,0,0,0,28191846.55,9952428.89,0,0.0,0,-41991000.0,131999000.0,0,0,0,0,0.0,0.0,0,0,0,0,0,0,0,0,23446000.0
WTRE,2019-03-31,USD,70306000.0,0,0,0,0,38000.0,0.0,0,0.0,0,-31877000.0,-45918000.0,0,0,0,0,-4816000.0,-4816000.0,0,0,0,0,0,0,0,0,52539000.0
XPEV,2020-09-30,CNY,747252000.0,0,0,0,0,0.0,0.0,0,0.0,0,-5924452000.0,0.0,0,0,0,0,0.0,0.0,0,0,0,0,0,0,0,0,-1148761000.0
XP,2019-12-31,BRL,-3832413000.0,0,0,0,0,28309000.0,77725000.0,0,0.0,0,-77725000.0,3945326000.0,0,0,0,0,-500000000.0,-500000000.0,0,0,0,0,4482002000,0,0,0,381186000.0
YALA,2020-09-30,USD,0.0,0,0,0,0,0.0,0.0,0,0.0,0,0.0,0.0,0,0,0,0,0.0,0.0,0,0,0,0,0,0,0,0,-30980276.0
YJ,2019-03-31,CNY,0.0,0,0,0,0,0.0,0.0,0,0.0,0,0.0,0.0,0,0,0,0,0.0,0.0,0,0,0,0,0,0,0,0,14745000.0
YQ,2020-12-31,CNY,0.0,0,0,0,0,0.0,0.0,0,0.0,0,0.0,0.0,0,0,0,0,0.0,0.0,0,0,0,0,0,0,0,0,-365059000.0
YSG,2020-12-31,CNY,0.0,0,0,0,0,0.0,0.0,0,0.0,0,0.0,0.0,0,0,0,0,0.0,0.0,0,0,0,0,0,0,0,0,-1530596000.0
ZCMD,2020-03-31,USD,-1186251.0,0,0,0,0,0.0,0.0,0,0.0,0,-70194.0,0.0,0,0,0,0,0.0,0.0,0,0,0,0,0,0,0,0,0.0
ZGYH,2019-12-31,USD,-86.0,0,0,0,0,0.0,0.0,0,0.0,0,-69000000.0,3510.0,0,0,0,0,0.0,0.0,0,0,0,0,0,0,0,0,-130.0
ZI,2020-06-30,USD,25300000.0,0,0,0,0,-24200000.0,0.0,0,0.0,-69500000,-4100000.0,-553500000.0,0,0,0,0,0.0,0.0,0,0,0,0,-320500000,0,0,0,-19600000.0
ZNTL,2020-03-31,USD,-16871000.0,0,0,0,0,38000.0,31000.0,0,0.0,0,-31000.0,13474000.0,0,0,0,0,0.0,0.0,0,0,0,0,0,0,0,0,-16126000.0
